{"cameraMode":{"drawMode":0,"name":"Shaded","section":"Shading Mode"},"sceneLighting":true,"audioPlay":false,"sceneViewState":{"m_AlwaysRefresh":false,"showFog":true,"showSkybox":true,"showFlares":true,"showImageEffects":true,"showParticleSystems":true,"showVisualEffectGraphs":true,"m_FxEnabled":true},"in2DMode":false,"pivot":{"x":-9.830498695373536,"y":0.29566287994384768,"z":-26.460853576660158},"rotation":{"x":0.40421348810195925,"y":-0.0016791229136288167,"z":0.0006672092713415623,"w":0.9146876931190491},"size":16.777021408081056,"orthographic":false}