{"cameraMode":{"drawMode":0,"name":"Shaded","section":"Shading Mode"},"sceneLighting":true,"audioPlay":false,"sceneViewState":{"m_AlwaysRefresh":false,"showFog":true,"showSkybox":true,"showFlares":true,"showImageEffects":true,"showParticleSystems":true,"showVisualEffectGraphs":true,"m_FxEnabled":true},"in2DMode":false,"pivot":{"x":0.1350192427635193,"y":-4.542558670043945,"z":-25.765254974365236},"rotation":{"x":0.40421348810195925,"y":-0.0016791229136288167,"z":0.0006672092713415623,"w":0.9146876931190491},"size":5.129986763000488,"orthographic":false}