{"cameraMode":{"drawMode":0,"name":"Shaded","section":"Shading Mode"},"sceneLighting":false,"audioPlay":false,"sceneViewState":{"m_AlwaysRefresh":false,"showFog":true,"showSkybox":false,"showFlares":true,"showImageEffects":true,"showParticleSystems":true,"showVisualEffectGraphs":true,"m_FxEnabled":true},"in2DMode":false,"pivot":{"x":-17.8700008392334,"y":14.149999618530274,"z":-27.038532257080079},"rotation":{"x":-0.16566017270088197,"y":0.1464499533176422,"z":-0.024879999458789827,"w":-0.9749452471733093},"size":0.32311105728149416,"orthographic":false}